Workbook

Sheet raw data
A1: Shipment_ID | B1: Product | C1: Route | D1: Vendor | E1: Dispatch_Timestamp | F1: Delivery_Timestamp | G1: Transit_Hours | H1: Avg_Temperature_C | I1: Max_Temperature_C | J1: Min_Temperature_C | K1: Breach_Hours | L1: Batch_Value_Lakhs | M1: Destination | N1: Compliance_Status | O1: Num_Temp_Readings | P1: Month | Q1: Month_Name | R1: Season | S1: Value_At_Risk
A2: SHP-1381 | B2: Adalimumab | C2: Mumbai-Hyderabad | D2: ChillChain Pvt Ltd | E2: 45307 | F2: 45309 | G2: 51 | H2: 5.07 | I2: 7.44 | J2: 2.6 | K2: 0 | L2: 75.63 | M2: Chennai | N2: Compliant | O2: 51 | P2: 1 | Q2: January | R2: Winter | S2: 0
A3: SHP-1200 | B3: Insulin | C3: Mumbai-Hyderabad | D3: MediCargo Express | E3: 45503 | F3: 45506 | G3: 70 | H3: 5.21 | I3: 7.72 | J3: 2.66 | K3: 0 | L3: 63.73 | M3: Kolkata | N3: Compliant | O3: 70 | P3: 7 | Q3: July | R3: Monsoon | S3: 0
A4: SHP-1314 | B4: Adalimumab | C4: Mumbai-Delhi | D4: ChillChain Pvt Ltd | E4: 45504.792 | F4: 45508.333 | G4: 85 | H4: 5.1 | I4: 7.73 | J4: 2.51 | K4: 0 | L4: 59.68 | M4: Hyderabad | N4: Compliant | O4: 85 | P4: 7 | Q4: July | R4: Monsoon | S4: 0
A5: SHP-1039 | B5: Trastuzumab | C5: Delhi-Jaipur | D5: MediCargo Express | E5: 45453 | F5: 45457 | G5: 74 | H5: 6.25 | I5: 11.59 | J5: 2.53 | K5: 15 | L5: 62.28 | M5: Kolkata | N5: Non-Compliant | O5: 74 | P5: 6 | Q5: June | R5: Monsoon | S5: 62.28
A6: SHP-1317 | B6: Trastuzumab | C6: Delhi-Kolkata | D6: Unknown | E6: 45373.333 | F6: 45376.25 | G6: 70 | H6: 5.47 | I6: 7.65 | J6: 2.73 | K6: 0 | L6: 10.57 | M6: Jaipur | N6: Compliant | O6: 70 | P6: 3 | Q6: March | R6: Summer | S6: 0
A7: SHP-1251 | B7: Hepatitis-B Vaccine | C7: Delhi-Kolkata | D7: ChillChain Pvt Ltd | E7: 45382.292 | F7: 45385.667 | G7: 81 | H7: 5.17 | I7: 7.79 | J7: 2.62 | K7: 0 | L7: 27.05 | M7: Hyderabad | N7: Compliant | O7: 81 | P7: 3 | Q7: March | R7: Summer | S7: 0
A8: SHP-1131 | B8: Trastuzumab | C8: Delhi-Kolkata | D8: BioShip Solutions | E8: 45309.75 | F8: 45313.542 | G8: 91 | H8: 5.17 | I8: 7.66 | J8: 2.53 | K8: 0 | L8: 71.66 | M8: Kolkata | N8: Compliant | O8: 91 | P8: 1 | Q8: January | R8: Winter | S8: 0
A9: SHP-1289 | B9: MMR Vaccine | C9: Chennai-Bangalore | D9: BioShip Solutions | E9: 45630.542 | F9: 45634.25 | G9: 89 | H9: 5.01 | I9: 7.8 | J9: 2.58 | K9: 0 | L9: 66.02 | M9: Kolkata | N9: Compliant | O9: 89 | P9: 12 | Q9: December | R9: Winter | S9: 0
A10: SHP-1326 | B10: Hepatitis-B Vaccine | C10: Delhi-Jaipur | D10: PharmaFreight Inc | E10: 45531 | F10: 45533 | G10: 50 | H10: 5.36 | I10: 7.74 | J10: 2.58 | K10: 0 | L10: 65.62 | M10: Delhi | N10: Compliant | O10: 50 | P10: 8 | Q10: August | R10: Monsoon | S10: 0
A11: SHP-1207 | B11: Adalimumab | C11: Delhi-Jaipur | D11: BioShip Solutions | E11: 45479.667 | F11: 45482.625 | G11: 71 | H11: 5.59 | I11: 7.8 | J11: 2.62 | K11: 0 | L11: 67.72 | M11: Kolkata | N11: Compliant | O11: 71 | P11: 7 | Q11: July | R11: Monsoon | S11: 0
A12: SHP-1095 | B12: Insulin | C12: Mumbai-Delhi | D12: BioShip Solutions | E12: 45570.708 | F12: 45571.542 | G12: 20 | H12: 5.3 | I12: 7.57 | J12: 2.77 | K12: 0 | L12: 66.54 | M12: Jaipur | N12: Compliant | O12: 20 | P12: 10 | Q12: October | R12: Post-Monsoon | S12: 0
A13: SHP-1181 | B13: Trastuzumab | C13: Mumbai-Hyderabad | D13: BioShip Solutions | E13: 45468.875 | F13: 45472.792 | G13: 94 | H13: 5.37 | I13: 7.78 | J13: 2.53 | K13: 0 | L13: 56.47 | M13: Chennai | N13: Compliant | O13: 94 | P13: 6 | Q13: June | R13: Monsoon | S13: 0
... A486: SHP-1201 | B486: MMR Vaccine | C486: Bangalore-Chennai | D486: ChillChain Pvt Ltd | E486: 45326.75 | F486: 45327.917 | G486: 28 | H486: 5.09 | I486: 6.9 | J486: 2.55 | K486: 0 | L486: 11.11 | M486: Jaipur | N486: Compliant | O486: 28 | P486: 2 | Q486: February | R486: Winter | S486: 0

Sheet lookup vendor
A1: Vendors | B1: Total_shipments | C1: Total_Failures | D1: Failure_Rate | E1: Total_Value_at_Risk | F1: Avg_Batch_Value | G1: Avg_Transit_Hours
A2: ColdEx Logistics | B2: {=COUNTIF('raw data'!D2:D486,'lookup vendor'!A2:A6)} -> 106 | C2: {=COUNTIFS('raw data'!D2:D486,'lookup vendor'!A2:A6,'raw data'!N2:N486,"Non-Compliant")} -> 25 | D2: =C2/B2 -> 0.23584906 | E2: {=SUMIF('raw data'!D2:D486,'lookup vendor'!A2:A6,'raw data'!S2:S486)} -> 1082.38 | F2: {=AVERAGEIF('raw data'!D2:D486,'lookup vendor'!A2:A6,'raw data'!L2:L486)} -> 44.784811 | G2: {=AVERAGEIF('raw data'!D2:D486,'lookup vendor'!A2:A6,'raw data'!G2:G486)} -> 57
A3: MediCargo Express | B3: 83 | C3: 12 | D3: =C3/B3 -> 0.14457831 | E3: 646.31 | F3: 43.89494 | G3: 52.650602
A4: BioShip Solutions | B4: 90 | C4: 10 | D4: =C4/B4 -> 0.11111111 | E4: 358.66 | F4: 43.066667 | G4: 51.244444
A5: ChillChain Pvt Ltd | B5: 79 | C5: 4 | D5: =C5/B5 -> 0.050632911 | E5: 181.48 | F5: 40.926582 | G5: 62.822785
A6: PharmaFreight Inc | B6: 104 | C6: 5 | D6: =C6/B6 -> 0.048076923 | E6: 263.2 | F6: 43.623365 | G6: 52.25

Sheet lookup route
A1: Route | B1: Total_Shipments | C1: Total_Failures | D1: Failure_Rate_% | E1: Total_Value_At_Risk
A2: Mumbai-Delhi | B2: {=COUNTIF('raw data'!C2:C486,'lookup route'!A2:A9)} -> 62 | C2: {=COUNTIFS('raw data'!C2:C486,'lookup route'!A2:A9,'raw data'!N2:N486,"Non-Compliant")} -> 12 | D2: =C2/B2 -> 0.19354839 | E2: {=SUMIF('raw data'!C2:C486,'lookup route'!A2:A9,'raw data'!S2:S486)} -> 559.81
A3: Delhi-Jaipur | B3: 59 | C3: 10 | D3: =C3/B3 -> 0.16949153 | E3: 527.67
A4: Chennai-Bangalore | B4: 65 | C4: 7 | D4: =C4/B4 -> 0.10769231 | E4: 263.57
A5: Bangalore-Chennai | B5: 56 | C5: 6 | D5: =C5/B5 -> 0.10714286 | E5: 232.04
A6: Hyderabad-Mumbai | B6: 63 | C6: 6 | D6: =C6/B6 -> 0.095238095 | E6: 257.17
A7: Kolkata-Guwahati | B7: 53 | C7: 5 | D7: =C7/B7 -> 0.094339623 | E7: 131.68
A8: Mumbai-Hyderabad | B8: 57 | C8: 5 | D8: =C8/B8 -> 0.087719298 | E8: 352.02
A9: Delhi-Kolkata | B9: 70 | C9: 6 | D9: =C9/B9 -> 0.085714286 | E9: 242.26

Sheet lookup season
A1: Season | B1: Total_Shipments | C1: Total_Failures | D1: Failure_Rate_% | E1: Total_Value_At_Risk
A2: Winter | B2: {=COUNTIF('raw data'!R2:R486,'lookup season'!A2:A5)} -> 128 | C2: {=COUNTIFS('raw data'!R2:R486,'lookup season'!A2:A5,'raw data'!N2:N486,"Non-Compliant")} -> 23 | D2: =C2/B2 -> 0.1796875 | E2: {=SUMIF('raw data'!R2:R486,'lookup season'!A2:A5,'raw data'!S2:S486)} -> 1145.07
A3: Summer | B3: 104 | C3: 7 | D3: =C3/B3 -> 0.067307692 | E3: 367.8
A4: Monsoon | B4: 184 | C4: 17 | D4: =C4/B4 -> 0.092391304 | E4: 645.81
A5: Post-Monsoon | B5: 69 | C5: 10 | D5: =C5/B5 -> 0.14492754 | E5: 407.54

Sheet lookup product
A1: Product | B1: Total_Shipments | C1: Total_Failures | D1: Failure_Rate_% | E1: Total_Value_At_Risk
A2: Trastuzumab | B2: {=COUNTIF('raw data'!B2:B486,'lookup product'!A2:A6)} -> 100 | C2: {=COUNTIFS('raw data'!B2:B486,'lookup product'!A2:A6,'raw data'!N2:N486,"Non-Compliant")} -> 14 | D2: =C2/B2 -> 0.14 | E2: {=SUMIF('raw data'!B2:B486,'lookup product'!A2:A6,'raw data'!S2:S486)} -> 687.27
A3: MMR Vaccine | B3: 85 | C3: 11 | D3: =C3/B3 -> 0.12941176 | E3: 576.87
A4: Hepatitis-B Vaccine | B4: 101 | C4: 12 | D4: =C4/B4 -> 0.11881188 | E4: 403.15
A5: Adalimumab | B5: 101 | C5: 11 | D5: =C5/B5 -> 0.10891089 | E5: 572.45
A6: Insulin | B6: 98 | C6: 9 | D6: =C6/B6 -> 0.091836735 | E6: 326.48

Sheet model
A1: INPUTS | C1: Vendor | D1: Blended_Failure_Rate | E1: Expected_Loss_Lakhs | F1: Rank
A2: Product | B2: Hepatitis-B Vaccine | C2: ColdEx Logistics | D2: =($B$5*VLOOKUP(C2,'lookup vendor'!$A$2:$D$6,4,0))+($B$6*VLOOKUP($B$3,'lookup route'!$A$2:$D$9,4,0))+($B$7*VLOOKUP($B$4,'lookup season'!$A$2:$D$5,4,0))+($B$8*VLOOKUP($B$2,'lookup product'!$A$2:$D$6,4,0)) -> 0.13955717 | E2: =D2*VLOOKUP(C2,'lookup vendor'!$A$2:$F$6,6,0) -> 6.2500414 | F2: =RANK(E2,$E$2:$E$6,1) -> 5
A3: Route | B3: Kolkata-Guwahati | C3: MediCargo Express | D3: =($B$5*VLOOKUP(C3,'lookup vendor'!$A$2:$D$6,4,0))+($B$6*VLOOKUP($B$3,'lookup route'!$A$2:$D$9,4,0))+($B$7*VLOOKUP($B$4,'lookup season'!$A$2:$D$5,4,0))+($B$8*VLOOKUP($B$2,'lookup product'!$A$2:$D$6,4,0)) -> 0.10761241 | E3: =D3*VLOOKUP(C3,'lookup vendor'!$A$2:$F$6,6,0) -> 4.7236402 | F3: =RANK(E3,$E$2:$E$6,1) -> 4
A4: Season | B4: Summer | C4: BioShip Solutions | D4: =($B$5*VLOOKUP(C4,'lookup vendor'!$A$2:$D$6,4,0))+($B$6*VLOOKUP($B$3,'lookup route'!$A$2:$D$9,4,0))+($B$7*VLOOKUP($B$4,'lookup season'!$A$2:$D$5,4,0))+($B$8*VLOOKUP($B$2,'lookup product'!$A$2:$D$6,4,0)) -> 0.095898887 | E4: =D4*VLOOKUP(C4,'lookup vendor'!$A$2:$F$6,6,0) -> 4.1300454 | F4: =RANK(E4,$E$2:$E$6,1) -> 3
A5: Vendor Weight | B5: 0.35 | C5: ChillChain Pvt Ltd | D5: =($B$5*VLOOKUP(C5,'lookup vendor'!$A$2:$D$6,4,0))+($B$6*VLOOKUP($B$3,'lookup route'!$A$2:$D$9,4,0))+($B$7*VLOOKUP($B$4,'lookup season'!$A$2:$D$5,4,0))+($B$8*VLOOKUP($B$2,'lookup product'!$A$2:$D$6,4,0)) -> 0.074731517 | E5: =D5*VLOOKUP(C5,'lookup vendor'!$A$2:$F$6,6,0) -> 3.0585056 | F5: =RANK(E5,$E$2:$E$6,1) -> 1
A6: Route Weight | B6: 0.3 | C6: PharmaFreight Inc | D6: =($B$5*VLOOKUP(C6,'lookup vendor'!$A$2:$D$6,4,0))+($B$6*VLOOKUP($B$3,'lookup route'!$A$2:$D$9,4,0))+($B$7*VLOOKUP($B$4,'lookup season'!$A$2:$D$5,4,0))+($B$8*VLOOKUP($B$2,'lookup product'!$A$2:$D$6,4,0)) -> 0.073836921 | E6: =D6*VLOOKUP(C6,'lookup vendor'!$A$2:$F$6,6,0) -> 3.221015 | F6: =RANK(E6,$E$2:$E$6,1) -> 2
A7: Season Weight | B7: 0.25
A8: Product Weight | B8: 0.1
B9: =SUM(B5:B8) -> 1
A11: RECOMMENDATION: | B11: =INDEX($C$2:$C$6,MATCH(1,$F$2:$F$6,0)) -> ChillChain Pvt Ltd

Sheet savings calculator
A1: SAVINGS CALCULATOR
A2: Selected Scenario
A3: Product | B3: =model!B2 -> Hepatitis-B Vaccine
A4: Route | B4: =model!B3 -> Kolkata-Guwahati
A5: Season | B5: =model!B4 -> Summer
A6: Actual Vendor (most used) | B6: {=INDEX(model!C2:C6,MATCH(MAX(COUNTIFS('raw data'!B2:B486,'savings calculator'!B3,'raw data'!C2:C486,'savings calculator'!B4,'raw data'!R2:R486,'savings calculator'!B5,'raw data'!D2:D486,model!C2:C6)),COUNTIFS('raw data'!B2:B486,'savings calculator'!B3,'raw data'!C2:C486,'savings calculator'!B4,'raw data'!R2:R486,'savings calculator'!B5,'raw data'!D2:D486,model!C2:C6),0))} -> MediCargo Express
A7: Recommended Vendor | B7: =INDEX(model!C2:C6,MATCH(1,model!F2:F6,0)) -> ChillChain Pvt Ltd
A8: Actual Failure Rate | B8: =VLOOKUP(B6,'lookup vendor'!A2:D6,4,0) -> 0.14457831
A9: Recommended Failure Rate | B9: =VLOOKUP(B7,'lookup vendor'!A2:D6,4,0) -> 0.050632911
A10: Failure Rate Improvement | B10: =B8-B9 -> 0.093945402
A11: Actual Expected Loss (₹ Lakhs) | B11: =B8*VLOOKUP(B6,'lookup vendor'!A2:F6,6,0) -> 6.3462564
A12: Recommended Expected Loss (₹ Lakhs) | B12: =B9*VLOOKUP(B7,'lookup vendor'!A2:F6,6,0) -> 2.072232
A13: Savings per Shipment (₹ Lakhs) | B13: =B11-B12 -> 4.2740243
A14: PORTFOLIO-WIDE SAVINGS
A15: Total Actual Value at Risk | B15: =SUM('raw data'!S2:S486) -> 2566.22
A16: Total Optimized Value at Risk | B16: {=SUMPRODUCT(('raw data'!N2:N486="Non-Compliant")*'raw data'!L2:L486*MIN(('lookup vendor'!D2:D6)))} -> 123.37596
A17: Total Avoidable Loss | B17: =B15-B16 -> 2442.844
A18: Savings % | B18: =B17/B15 -> 0.95192308

Sheet methodology
A1: METHODOLOGY & MODEL DOCUMENTATION
A3: 1. PROBLEM STATEMENT | C3: 4. WHY NOT ML | E3: 6. LIMITATIONS
A10: 2. DATA SOURCE
C11: 5. KEY FINDINGS
A17: 3. WEIGHT JUSTIFICATION
